GADA-lf229w,KABUPATEN GROBOGAN,JAWA TENGAH,-7.07382200,110.77889400,False,0.9,3,55
GADA-dvFo,KOTA SEMARANG,JAWA TENGAH,-7.05139600,110.32678600,False,0.9,3,48
GADA-x0uhnr,KOTA SEMARANG,JAWA TENGAH,-7.07545100,110.41316900,False,0.9,3,46
GADA-ly9kru,KABUPATEN DEMAK,JAWA TENGAH,-7.04444600,110.57610800,False,0.9,3,38
GADA-9r96rv,KOTA SEMARANG,JAWA TENGAH,-7.09287600,110.32119300,False,0.9,3,36
GADA-dPY0,KABUPATEN KENDAL,JAWA TENGAH,-6.92714700,110.15753700,False,0.9,3,35
GADA-lc45c6,KABUPATEN PATI,JAWA TENGAH,-6.75234700,111.04171100,False,0.9,3,34
GADA-lbon7p,KABUPATEN PATI,JAWA TENGAH,-6.75310900,111.03702000,False,0.9,3,32
GADA-x3yuqx,KOTA TANGERANG SELATAN,BANTEN,-6.27917300,106.67112900,False,0.9,3,28
GADA-klg2vxlw,KOTA SURAKARTA,JAWA TENGAH,-7.56315000,110.83826000,False,0.9,3,24
GADA-l6c5ut,KABUPATEN DEMAK,JAWA TENGAH,-7.02865600,110.53066800,False,0.9,3,24
GADA-lk2e5g,KABUPATEN TANGERANG,BANTEN,-6.19839900,106.53067000,False,0.9,3,24
GADA-juxi8y,KABUPATEN TANGERANG,BANTEN,-6.19165900,106.50335000,False,0.9,3,21
GADA-u51q00,KOTA PALEMBANG,SUMATERA SELATAN,-2.92060500,104.79636300,False,0.9,3,21
GADA-l3qex8,KABUPATEN TANGERANG,BANTEN,-6.19186800,106.49162200,False,0.9,3,21
GADA-x11yoe,KOTA JAKARTA PUSAT,DKI JAKARTA,-6.16331000,106.86292900,False,0.9,3,21
GADA-n3v0k9,KOTA SURAKARTA,JAWA TENGAH,-7.54331900,110.84233200,False,0.9,3,20
GADA-n3rt9o,KOTA SURAKARTA,JAWA TENGAH,-7.56853700,110.83739600,False,0.9,3,20
GADA-nwlnrr,KABUPATEN WONOGIRI,JAWA TENGAH,-8.05314800,110.80951300,False,0.9,3,20
GADA-9qx9ls,KABUPATEN TANGERANG,BANTEN,-6.15682400,106.56821600,False,0.9,3,20
GADA-l8j0tu,KABUPATEN JEPARA,JAWA TENGAH,-6.59886300,110.66528000,False,0.9,3,19
GADA-aspo,KABUPATEN TANGERANG,BANTEN,-6.26213200,106.43322700,False,0.9,3,19
GADA-n1gj70,KABUPATEN SRAGEN,JAWA TENGAH,-7.52029200,111.01325400,False,0.9,3,19
GADA-rdnG,KABUPATEN TANGERANG,BANTEN,-6.29514700,106.41776800,False,0.9,3,19
GADA-n0v4zy,KOTA BALIKPAPAN,KALIMANTAN TIMUR,-1.24630100,116.88645700,False,0.9,3,19
GADA-n1az6r,KOTA SURAKARTA,JAWA TENGAH,-7.55344800,110.82261400,False,0.9,3,18
GADA-8h4jvb,KABUPATEN DEMAK,JAWA TENGAH,-6.92729100,110.55093500,False,0.9,3,17
GADA-llqv0y,KABUPATEN PURWOREJO,JAWA TENGAH,-7.71941400,109.90338400,False,0.9,3,17
GADA-l8e4cx,KABUPATEN KUDUS,JAWA TENGAH,-6.76496800,110.83988400,False,0.9,3,16
GADA-pjojlu,KOTA SALATIGA,JAWA TENGAH,-7.33933200,110.50089400,False,0.9,3,16
GADA-xiil99,KOTA JAKARTA UTARA,DKI JAKARTA,-6.15600000,106.86495100,False,0.9,3,16
GADA-xknti8x1,KOTA BANJARMASIN,KALIMANTAN SELATAN,-3.33147700,114.61024700,False,0.9,3,16
GADA-8hrmpr,KABUPATEN KARANGANYAR,JAWA TENGAH,-7.64535100,110.99723400,False,0.9,3,15
GADA-egu9y5,KOTA BANJARMASIN,KALIMANTAN SELATAN,-3.34019700,114.61276900,False,0.9,3,15
GADA-gRwb,KOTA TANGERANG,BANTEN,-6.15210900,106.59114800,False,0.9,3,14
GADA-gvob14ar,KOTA BANDUNG,JAWA BARAT,-6.88848000,107.66048000,False,0.9,3,14
GADA-nycf65,KABUPATEN SUMEDANG,JAWA BARAT,-6.78189600,107.92885200,False,0.9,3,14
GADA-mlzoenka,KOTA JAMBI,JAMBI,-1.62327000,103.63038000,False,0.9,3,14
GADA-xkjxh6,KOTA BANJARMASIN,KALIMANTAN SELATAN,-3.33143300,114.58131300,False,0.9,3,12
GADA-nr0vkd9m,KABUPATEN PEMALANG,JAWA TENGAH,-6.89313000,109.45694000,False,0.9,3,12
GADA-xao1w8,KABUPATEN KOLAKA,SULAWESI TENGGARA,-4.09896000,121.66096200,False,0.9,3,12
GADA-xirs87,KABUPATEN BANJAR,KALIMANTAN SELATAN,-3.31612200,114.63217700,False,0.9,3,12
GADA-lj1owzja,KOTA JAMBI,JAMBI,-1.59706000,103.62127000,False,0.9,3,12
GADA-x4opzz,KABUPATEN PEMALANG,JAWA TENGAH,-6.84877600,109.47475500,False,0.9,3,11
GADA-u5jorc,KABUPATEN PEMALANG,JAWA TENGAH,-6.88851000,109.38348000,False,0.9,3,11
GADA-eyia6l,KABUPATEN SUMEDANG,JAWA BARAT,-6.82772100,107.93544800,False,0.9,3,11
GADA-kllrpnk6,KABUPATEN SUMEDANG,JAWA BARAT,-6.72757000,107.98274000,False,0.9,3,11
GADA-nk8q71,KOTA SURAKARTA,JAWA TENGAH,-7.58389700,110.82045400,False,0.9,3,11
GADA-naiii0,KABUPATEN SUKOHARJO,JAWA TENGAH,-7.60998000,110.87262000,False,0.9,3,11
GADA-ytb5fu,KABUPATEN BULELENG,BALI,-8.14907100,115.05000000,False,0.9,3,11
GADA-9eqxjyoz,KOTA TASIKMALAYA,JAWA BARAT,-7.32931000,108.20849000,False,0.9,3,11
GADA-21gong,KOTA TEGAL,JAWA TENGAH,-6.87684100,109.13238600,False,0.9,3,10
GADA-nafzcg,KABUPATEN SRAGEN,JAWA TENGAH,-7.39807100,110.82760400,False,0.9,3,10
GADA-r1qqogvx,KOTA BANDUNG,JAWA BARAT,-6.90393000,107.67748000,False,0.9,3,10
GADA-ga1kab7j,KABUPATEN SUMEDANG,JAWA BARAT,-6.83759000,108.02141000,False,0.9,3,10
GADA-emzzip,KOTA SURAKARTA,JAWA TENGAH,-7.57161400,110.84098400,False,0.9,3,10
GADA-l9rayv,KOTA KENDARI,SULAWESI TENGGARA,-3.96467200,122.49623700,False,0.9,3,10
GADA-wg0z7ozg,KABUPATEN KOLAKA,SULAWESI TENGGARA,-4.05843000,121.59754000,False,0.9,3,10
GADA-dtkxrhx1,KOTA TANGERANG SELATAN,BANTEN,-6.30230200,106.68857400,False,0.9,3,10
GADA-1yjwbdrk,KABUPATEN BANDUNG,JAWA BARAT,-6.97270000,107.75258000,False,0.9,3,10
GADA-nwtx4i,KOTA TEGAL,JAWA TENGAH,-6.87701800,109.13078200,False,0.9,3,10
GADA-r1nak0ox,KABUPATEN BREBES,JAWA TENGAH,-6.97569000,108.97685000,False,0.9,3,10
GADA-x0g9ul,KABUPATEN TEGAL,JAWA TENGAH,-6.89730900,109.12706100,False,0.9,3,10
GADA-qbex1lgl,KABUPATEN SUMEDANG,JAWA BARAT,-6.70555000,107.95782000,False,0.9,3,10
GADA-yhtibj,KOTA BANJARMASIN,KALIMANTAN SELATAN,-3.32802900,114.59272000,False,0.9,3,10
GADA-ez342a,KOTA BATAM,KEPULAUAN RIAU,1.04080200,103.98304400,False,0.9,3,10
GADA-4q96gwjp,KOTA BALIKPAPAN,KALIMANTAN TIMUR,-1.24335100,116.85739500,False,0.9,3,9
GADA-hsrc2c,KOTA BALIKPAPAN,KALIMANTAN TIMUR,-1.26888400,116.84470400,False,0.9,3,9
GADA-umr9oy,KOTA PADANGSIDIMPUAN,SUMATERA UTARA,1.39868500,99.26336600,False,0.9,3,9
GADA-l9lqcv,KABUPATEN SUMEDANG,JAWA BARAT,-6.86833600,107.90242100,False,0.9,3,9
GADA-e6rdhs,KOTA MEDAN,SUMATERA UTARA,3.60475100,98.63637100,False,0.9,3,9
GADA-n3rpl9,KABUPATEN SUKOHARJO,JAWA TENGAH,-7.60153500,110.86550300,False,0.9,3,9
GADA-xe2maa9d,KOTA BANDUNG,JAWA BARAT,-6.90385000,107.66281000,False,0.9,3,9
GADA-r7uN,KOTA JAKARTA UTARA,DKI JAKARTA,-6.15540600,106.89266300,False,0.9,3,9
GADA-ga9kammr,KABUPATEN BONDOWOSO,JAWA TIMUR,-7.90418000,113.76995000,False,0.9,3,9
GADA-9eqbmvqm,KABUPATEN BANYU ASIN,SUMATERA SELATAN,-2.91691000,104.82045000,False,0.9,3,9
GADA-czcfq0,KABUPATEN TEGAL,JAWA TENGAH,-6.95865400,109.15300100,False,0.9,3,9
GADA-nkuebu,KABUPATEN SRAGEN,JAWA TENGAH,-7.48607800,111.03411900,False,0.9,3,9
GADA-21sw5p,KOTA TANGERANG SELATAN,BANTEN,-6.24571800,106.65345900,False,0.9,3,9
GADA-58fl2gx1,KOTA MATARAM,NUSA TENGGARA BARAT,-8.59582500,116.13756600,False,0.9,3,9
GADA-da69tl,KABUPATEN DELI SERDANG,SUMATERA UTARA,3.59793500,98.57967900,False,0.9,3,9
GADA-xu54zux1,KOTA MATARAM,NUSA TENGGARA BARAT,-8.59618100,116.13649900,False,0.9,3,9
GADA-dPY0x1,KABUPATEN KENDAL,JAWA TENGAH,-6.92714000,110.15808400,False,0.9,3,9
GADA-8xgp9z,KOTA MEDAN,SUMATERA UTARA,3.59495200,98.63298600,False,0.9,3,9
GADA-8hhaji,KABUPATEN SUKOHARJO,JAWA TENGAH,-7.58112000,110.85377000,False,0.9,3,8
GADA-5d1h9v,KOTA JAMBI,JAMBI,-1.59097300,103.62121500,False,0.9,3,8
GADA-to1v98,KOTA JAMBI,JAMBI,-1.60536500,103.61962200,False,0.9,3,8
GADA-w3m3ubx0,KOTA MEDAN,SUMATERA UTARA,3.59777700,98.61758100,False,0.9,3,8
GADA-qlnjroj3,KABUPATEN SUMEDANG,JAWA BARAT,-6.87527000,108.03573000,False,0.9,3,8
GADA-9q5b5j,KABUPATEN KARANGANYAR,JAWA TENGAH,-7.56195000,110.92693000,False,0.9,3,8
GADA-5edthi,KABUPATEN WONOGIRI,JAWA TENGAH,-7.75569800,110.88131400,False,0.9,3,8
GADA-e3gwgnga,KOTA BINJAI,SUMATERA UTARA,3.59625000,98.47160000,False,0.9,3,8
GADA-ljwl1rad,KOTA BINJAI,SUMATERA UTARA,3.60479000,98.48164000,False,0.9,3,8
GADA-lrymp2vw,KABUPATEN SUKABUMI,JAWA BARAT,-6.88637000,106.91749000,False,0.9,3,8
GADA-n0zkjm,KABUPATEN SUKOHARJO,JAWA TENGAH,-7.56794700,110.77699900,False,0.9,3,8
GADA-xsf7l6,KABUPATEN LAMPUNG SELATAN,LAMPUNG,-5.29182400,105.19288800,False,0.9,3,8
GADA-vqvrv3v4,KOTA BANJAR BARU,KALIMANTAN SELATAN,-3.45176000,114.74236000,False,0.9,3,8
GADA-klgrj5ya,KOTA BINJAI,SUMATERA UTARA,3.60590000,98.48108000,False,0.9,3,8
GADA-13ud1z,KABUPATEN KUDUS,JAWA TENGAH,-6.67964600,110.89651800,False,0.9,3,8
GADA-j7rnjeqg,KABUPATEN KOLAKA,SULAWESI TENGGARA,-4.09287000,121.64515000,False,0.9,3,8
GADA-yyxj5i,KABUPATEN JEMBER,JAWA TIMUR,-8.18806300,113.72057100,False,0.9,3,8
GADA-mlgop2mw,KABUPATEN BANDUNG,JAWA BARAT,-6.97660000,107.75171000,False,0.9,3,8
GADA-neh2fg,KABUPATEN SUMEDANG,JAWA BARAT,-6.82424400,107.91575100,False,0.9,3,8
GADA-ga9ke31x,KABUPATEN BANDUNG,JAWA BARAT,-7.04093000,107.55255000,False,0.9,3,7
GADA-badklkqv,KOTA BANJAR BARU,KALIMANTAN SELATAN,-3.45577000,114.75561000,False,0.9,3,7
GADA-nksj61,KOTA KENDARI,SULAWESI TENGGARA,-4.01045700,122.55244000,False,0.9,3,7
GADA-ls5zip,KABUPATEN KOLAKA,SULAWESI TENGGARA,-4.51636300,121.53129100,False,0.9,3,7
GADA-m2kl13,KABUPATEN OGAN KOMERING ULU TIMUR,SUMATERA SELATAN,-3.94188300,104.43663000,False,0.9,3,7
GADA-x0qqdxx1,KABUPATEN BANJAR,KALIMANTAN SELATAN,-3.36338000,114.62361100,False,0.9,3,7
GADA-hztbkk,KOTA MEDAN,SUMATERA UTARA,3.64717400,98.70186600,False,0.9,3,7
GADA-j6jqydv3,KOTA TANGERANG SELATAN,BANTEN,-6.35652000,106.71263000,False,0.9,3,7
GADA-llw0fi,KOTA MEDAN,SUMATERA UTARA,3.61800600,98.61832000,False,0.9,3,7
GADA-p6g626,KOTA PONTIANAK,KALIMANTAN BARAT,-0.04884100,109.34862900,False,0.9,3,7
GADA-lzpn,KOTA PONTIANAK,KALIMANTAN BARAT,-0.03228700,109.33685800,False,0.9,3,7
GADA-x4lzgdx1,KABUPATEN PANDEGLANG,BANTEN,-6.31758000,106.09454000,False,0.9,3,7
GADA-n0c5tn,KOTA SURAKARTA,JAWA TENGAH,-7.55725500,110.77959400,False,0.9,3,7
GADA-j7zoov0j,KOTA BANJAR BARU,KALIMANTAN SELATAN,-3.44178000,114.73623000,False,0.9,3,7
GADA-okqk50qb,KABUPATEN SUKABUMI,JAWA BARAT,-6.90589000,106.89401000,False,0.9,3,7
GADA-okr3dggg,KABUPATEN SUMEDANG,JAWA BARAT,-6.86781000,108.01249000,False,0.9,3,7
GADA-x3nqgi,KABUPATEN PEMALANG,JAWA TENGAH,-6.84478000,109.49317000,False,0.9,3,7
GADA-nkjqne,KABUPATEN SUMEDANG,JAWA BARAT,-6.95405400,107.81017100,False,0.9,3,7
GADA-llgcaj,KABUPATEN DELI SERDANG,SUMATERA UTARA,3.59855000,98.73533900,False,0.9,3,7
GADA-wg679lak,KABUPATEN SUKOHARJO,JAWA TENGAH,-7.54650000,110.72829000,False,0.9,3,7
GADA-xor8ux,KABUPATEN JAYAPURA,PAPUA,-2.57652900,140.50334500,False,0.9,3,7
GADA-xio4ch,KABUPATEN JAYAPURA,PAPUA,-2.57706400,140.50270100,False,0.9,3,7
GADA-l5pnh4,KOTA MEDAN,SUMATERA UTARA,3.54542400,98.66066600,False,0.9,3,7
GADA-55nlgv,KABUPATEN KOLAKA TIMUR,SULAWESI TENGGARA,-3.96289800,121.70814500,False,0.9,3,7
GADA-dv6nnxq1,KOTA PEKANBARU,RIAU,0.53897000,101.44532000,False,0.9,3,7
GADA-9eqx3qyq,KOTA JAMBI,JAMBI,-1.65349000,103.62597000,False,0.9,3,7
GADA-tbdvlq,KABUPATEN LAMPUNG TIMUR,LAMPUNG,-5.13199900,105.43378900,False,0.9,3,7
GADA-j7rgmnm6,KABUPATEN BANDUNG,JAWA BARAT,-6.86697000,107.63154000,False,0.9,3,7
GADA-5q9w3u,KABUPATEN JEMBER,JAWA TIMUR,-8.18720300,113.72475000,False,0.9,3,7
GADA-zxraabvv,KABUPATEN SUMEDANG,JAWA BARAT,-6.81163000,107.95079000,False,0.9,3,7
GADA-ltlo2s,KOTA KENDARI,SULAWESI TENGGARA,-3.96165100,122.50613900,False,0.9,3,7
GADA-mlqvmjwq,KOTA BANDUNG,JAWA BARAT,-6.89235000,107.63474000,False,0.9,3,7
GADA-klgzxglj,KOTA BANJAR BARU,KALIMANTAN SELATAN,-3.45905000,114.75910000,False,0.9,3,6
GADA-8h7s2f,KOTA PONTIANAK,KALIMANTAN BARAT,-0.04441900,109.37200800,False,0.9,3,6
GADA-n0sq9t,KOTA SURAKARTA,JAWA TENGAH,-7.58268300,110.82195000,False,0.9,3,6
GADA-263kdrjm,KABUPATEN SUKABUMI,JAWA BARAT,-6.88867000,106.96592000,False,0.9,3,6
GADA-4iibx9,KOTA MEDAN,SUMATERA UTARA,3.70442600,98.65196700,False,0.9,3,6
GADA-yharvy,KOTA BEKASI,JAWA BARAT,-6.20208600,107.02598600,False,0.9,3,6
GADA-ekhubs,KOTA PONTIANAK,KALIMANTAN BARAT,-0.02990000,109.30325100,False,0.9,3,6
GADA-r1woweeo,KABUPATEN BANGGAI,SULAWESI TENGAH,-0.93223000,122.82901000,False,0.9,3,6
GADA-317048,KOTA BALIKPAPAN,KALIMANTAN TIMUR,-1.22144300,116.96427200,False,0.9,3,6
GADA-551oer,KOTA JAMBI,JAMBI,-1.63801500,103.63209000,False,0.9,3,6
GADA-hkvme1,KABUPATEN KUDUS,JAWA TENGAH,-6.82712700,110.91446400,False,0.9,3,6
GADA-zxv5b7nl,KABUPATEN SUMEDANG,JAWA BARAT,-6.77663000,107.90301000,False,0.9,3,6
GADA-ok7amrze,KABUPATEN SUKOHARJO,JAWA TENGAH,-7.60079000,110.80199000,False,0.9,3,6
GADA-kch59b,KOTA PADANGSIDIMPUAN,SUMATERA UTARA,1.39685300,99.24875900,False,0.9,3,6
GADA-umrqkd,KOTA PADANGSIDIMPUAN,SUMATERA UTARA,1.39880100,99.26332700,False,0.9,3,6
GADA-oykmego2,KABUPATEN BANDUNG,JAWA BARAT,-7.00075000,107.74837000,False,0.9,3,6
GADA-6zenomyn,KABUPATEN DELI SERDANG,SUMATERA UTARA,3.51046000,98.69693000,False,0.9,3,6
GADA-558x09x0,KABUPATEN MAJALENGKA,JAWA BARAT,-6.91359100,107.70237300,False,0.9,3,6
GADA-klv5xono,KABUPATEN BANDUNG,JAWA BARAT,-7.01161000,107.74423000,False,0.9,3,6
GADA-8ze0wf,KOTA LHOKSEUMAWE,NANGGROE ACEH DARUSSALAM,5.17647000,97.14709400,False,0.9,3,6
GADA-8hcyb8,KOTA PONTIANAK,KALIMANTAN BARAT,-0.05032500,109.30360500,False,0.9,3,6
GADA-4qk0eeer,KABUPATEN GIANYAR,BALI,-8.52235000,115.35510000,False,0.9,3,6
GADA-qbe2g350,KOTA TANGERANG SELATAN,BANTEN,-6.34012000,106.71042000,False,0.9,3,6
GADA-zxwgjyeg,KOTA JAKARTA SELATAN,DKI JAKARTA,-6.23707000,106.77779000,False,0.9,3,6
GADA-pb8xfe,KOTA LHOKSEUMAWE,NANGGROE ACEH DARUSSALAM,4.47286700,97.97474400,False,0.9,3,6
GADA-xu9x0y,KOTA BANDUNG,JAWA BARAT,-6.93741500,107.70663800,False,0.9,3,6
GADA-xlvlrxbv,KOTA BANJAR BARU,KALIMANTAN SELATAN,-3.46222000,114.76933000,False,0.9,3,6
GADA-yyld8h,KOTA BEKASI,JAWA BARAT,-6.22375900,107.01916000,False,0.9,3,6
GADA-n0ek3z,KOTA SURAKARTA,JAWA TENGAH,-7.57255900,110.81680100,False,0.9,3,6
GADA-h2t3e1,KOTA JAMBI,JAMBI,-1.59737700,103.61675600,False,0.9,3,6
GADA-badaagnj,KABUPATEN KARANGANYAR,JAWA TENGAH,-7.54200000,110.76169000,False,0.9,3,6
GADA-nyaeod,KOTA MEDAN,SUMATERA UTARA,3.61641300,98.65409800,False,0.9,3,6
GADA-wg6pqk2e,KABUPATEN INDRAGIRI HULU,RIAU,-0.43123000,102.48262000,False,0.9,3,6
GADA-1144i2,KABUPATEN LAMONGAN,JAWA TIMUR,-7.11684000,112.18836000,False,0.9,3,6
GADA-u5rtye,KABUPATEN BANGLI,BALI,-8.45544500,115.35692800,False,0.9,3,6
GADA-xm1x92x1,KOTA BALIKPAPAN,KALIMANTAN TIMUR,-1.27073000,116.83194900,False,0.9,3,6
GADA-fcpru1,KABUPATEN SUMEDANG,JAWA BARAT,-6.84760000,107.91706300,False,0.9,3,6
GADA-n3rxnj,KABUPATEN SUKOHARJO,JAWA TENGAH,-7.61588500,110.89867000,False,0.9,3,6
GADA-8h737p,KOTA PONTIANAK,KALIMANTAN BARAT,-0.02542400,109.36882800,False,0.9,3,6
GADA-9ibj7mx3,KOTA BANDUNG,JAWA BARAT,-6.93317400,107.61650400,False,0.9,3,6
GADA-wgk2nknd,KABUPATEN BANDUNG,JAWA BARAT,-6.92373500,107.72800000,False,0.9,3,6
GADA-l8e1xo,KABUPATEN JEPARA,JAWA TENGAH,-6.60621300,110.73941500,False,0.9,3,6
GADA-ldxapq,KOTA PADANGSIDIMPUAN,SUMATERA UTARA,1.39964300,99.26339600,False,0.9,3,6
GADA-vqv29rqj,KABUPATEN BANDUNG,JAWA BARAT,-6.89457000,107.69494000,False,0.9,3,5
GADA-yh0f5j,KABUPATEN BANJAR,KALIMANTAN SELATAN,-3.32550000,114.70550300,False,0.9,3,5
GADA-u8x1pr,KOTA PADANG,SUMATERA BARAT,-0.91594000,100.35770600,False,0.9,3,5
GADA-263mvndy,KABUPATEN BANGGAI,SULAWESI TENGAH,-0.93760000,122.81416000,False,0.9,3,5
GADA-u8akt9,KABUPATEN SUMEDANG,JAWA BARAT,-6.83688600,107.92563900,False,0.9,3,5
GADA-ba57nprw,KOTA BANDUNG,JAWA BARAT,-6.93418000,107.71735000,False,0.9,3,5
GADA-ymhh5z,KOTA BEKASI,JAWA BARAT,-6.21577300,107.02628500,False,0.9,3,5
GADA-lw6wcwx2,KABUPATEN LOMBOK BARAT,NUSA TENGGARA BARAT,-8.55756300,116.12474300,False,0.9,3,5
GADA-yh0tbh,KOTA BEKASI,JAWA BARAT,-6.20505300,107.02746400,False,0.9,3,5
GADA-9e56q7qm,KOTA BINJAI,SUMATERA UTARA,3.60373000,98.48246000,False,0.9,3,5
GADA-xe2kzk49,KOTA TANJUNG PINANG,KEPULAUAN RIAU,0.90134700,104.48572000,False,0.9,3,5
GADA-qlr3r5zg,KABUPATEN CIREBON,JAWA BARAT,-6.71229000,108.43713000,False,0.9,3,5
GADA-qlx1kd4x,KABUPATEN BOYOLALI,JAWA TENGAH,-7.50402000,110.74666000,False,0.9,3,5
GADA-9blb7t,KOTA JAKARTA PUSAT,DKI JAKARTA,-6.16265000,106.86069900,False,0.9,3,5
GADA-pxwmerj4,KOTA BEKASI,JAWA BARAT,-6.17621000,107.00285000,False,0.9,3,5
GADA-lylv9k,KABUPATEN SUMEDANG,JAWA BARAT,-6.87874500,107.87312500,False,0.9,3,5
GADA-r1njnooo,KABUPATEN BANGGAI,SULAWESI TENGAH,-0.92390000,122.84168000,False,0.9,3,5
GADA-ajea84,KOTA PONTIANAK,KALIMANTAN BARAT,-0.05865100,109.37728200,False,0.9,3,5
GADA-rC99x1,KABUPATEN NGAWI,JAWA TIMUR,-7.40765500,111.22786600,False,0.9,3,5
GADA-pxzk2dqy,KOTA CIREBON,JAWA BARAT,-6.70678000,108.56104000,False,0.9,3,5
GADA-zxv560wz,KOTA BANDUNG,JAWA BARAT,-6.93162000,107.64346000,False,0.9,3,5
GADA-ez1gymr5,KOTA DUMAI,RIAU,1.56663000,101.38492000,False,0.9,3,5
GADA-yvw2cq,KOTA BEKASI,JAWA BARAT,-6.22962500,107.02042100,False,0.9,3,5
GADA-01vlqv2v,KOTA BANDUNG,JAWA BARAT,-6.92385000,107.58329000,False,0.9,3,5
GADA-ezz767yr,KABUPATEN SUMEDANG,JAWA BARAT,-6.85487000,107.89529000,False,0.9,3,5
GADA-ulusyk,KOTA BANDAR LAMPUNG,LAMPUNG,-5.41152800,105.25812300,False,0.9,3,5
GADA-kxgpu0,KABUPATEN SUMEDANG,JAWA BARAT,-6.86885500,107.90284600,False,0.9,3,5
GADA-5mvkwvrd,KABUPATEN BANDUNG,JAWA BARAT,-6.95909000,107.76169000,False,0.9,3,5
GADA-lpw8xq,KOTA PALU,SULAWESI TENGAH,-0.83075100,119.88042100,False,0.9,3,5
GADA-01zg1jwv,KABUPATEN PANDEGLANG,BANTEN,-6.36876000,105.90471000,False,0.9,3,5
GADA-yv0dhn,KOTA BEKASI,JAWA BARAT,-6.22983900,107.02247700,False,0.9,3,5
GADA-r1qvx0oa,KABUPATEN SUMEDANG,JAWA BARAT,-6.84477400,108.02874200,False,0.9,3,5
GADA-h9khul,KABUPATEN KARAWANG,JAWA BARAT,-6.30584000,107.30320100,False,0.9,3,5
GADA-we5djv,KOTA JAKARTA TIMUR,DKI JAKARTA,-6.27311000,106.85572400,False,0.9,3,5
GADA-p60vi5,KOTA PONTIANAK,KALIMANTAN BARAT,-0.05419300,109.34448000,False,0.9,3,5
GADA-r1enmeq5,KABUPATEN KARANGANYAR,JAWA TENGAH,-7.52759000,110.95907000,False,0.9,3,5
GADA-01zr6q3v,KOTA BANDUNG,JAWA BARAT,-6.90329000,107.65791000,False,0.9,3,5
GADA-pzxe49,KABUPATEN LAMPUNG UTARA,LAMPUNG,-4.83701600,104.89711000,False,0.9,3,5
GADA-n6jz55x1,KOTA JAKARTA UTARA,DKI JAKARTA,-6.11684900,106.87853700,False,0.9,3,5
GADA-lwlfadx1,KOTA MATARAM,NUSA TENGGARA BARAT,-8.59691800,116.15772100,False,0.9,3,5
GADA-mzmq21,KOTA BANDAR LAMPUNG,LAMPUNG,-5.41193600,105.25225900,False,0.9,3,5
GADA-sHInx1,KABUPATEN BOYOLALI,JAWA TENGAH,-7.53463200,110.68712700,False,0.9,3,5
GADA-n11mq5,KABUPATEN SUKOHARJO,JAWA TENGAH,-7.59555900,110.79942100,False,0.9,3,5
GADA-tfvyry,KOTA JAKARTA UTARA,DKI JAKARTA,-6.13000000,106.86968700,False,0.9,3,5
GADA-26vd2vey,KABUPATEN KLATEN,JAWA TENGAH,-7.69506000,110.70090000,False,0.9,3,5
GADA-ljrbqree,KABUPATEN DELI SERDANG,SUMATERA UTARA,3.56696000,98.56906000,False,0.9,3,5
GADA-u8k3jz,KABUPATEN GIANYAR,BALI,-8.53003600,115.35607900,False,0.9,3,5
GADA-1y3ep6dz,KABUPATEN BEKASI,JAWA BARAT,-6.43843000,107.07519000,False,0.9,3,5
GADA-l48h91,KABUPATEN MEMPAWAH,KALIMANTAN BARAT,0.36424200,108.96335400,False,0.9,3,5
GADA-xmc6y9,KOTA BANDUNG,JAWA BARAT,-6.93968100,107.60705400,False,0.9,3,5
GADA-tfo21i,KOTA JAMBI,JAMBI,-1.61168900,103.59546700,False,0.9,3,5
GADA-e3rmij,KOTA BEKASI,JAWA BARAT,-6.26250200,106.98095900,False,0.9,3,5
GADA-6z5oz1zr,KABUPATEN GARUT,JAWA BARAT,-7.21189000,107.83733000,False,0.9,3,5
GADA-2pszn9,KOTA TANGERANG SELATAN,BANTEN,-6.35604500,106.69571500,False,0.9,3,5
GADA-n0uipu,KOTA KENDARI,SULAWESI TENGGARA,-3.99153100,122.49579000,False,0.9,3,5
GADA-wd3ut3,KABUPATEN MAGETAN,JAWA TIMUR,-7.68821300,111.29454200,False,0.9,3,5
GADA-ucdvre,KOTA BANDAR LAMPUNG,LAMPUNG,-5.40708600,105.26713100,False,0.9,3,5
GADA-yvzyli,KOTA BEKASI,JAWA BARAT,-6.21107400,107.01819600,False,0.9,3,5
GADA-4v8j7x,KABUPATEN DELI SERDANG,SUMATERA UTARA,3.58147600,98.72039600,False,0.9,3,5
GADA-d0vnz4rk,KOTA BANDUNG,JAWA BARAT,-6.92462900,107.71891800,False,0.9,3,5
GADA-uxbsei,KOTA BANDAR LAMPUNG,LAMPUNG,-5.41172800,105.24764600,False,0.9,3,5
GADA-8yldmp,KOTA PONTIANAK,KALIMANTAN BARAT,-0.01743500,109.31057500,False,0.9,3,5
GADA-hiamz0x1,KOTA MATARAM,NUSA TENGGARA BARAT,-8.58702800,116.10053300,False,0.9,3,5
GADA-lc258i,KOTA MEDAN,SUMATERA UTARA,3.70343200,98.66280900,False,0.9,3,5
GADA-5vbimv,KABUPATEN MUARO JAMBI,JAMBI,-1.62104700,103.53142500,False,0.9,3,5
GADA-yyndfh,KOTA BEKASI,JAWA BARAT,-6.22228900,107.01652900,False,0.9,3,5
GADA-lyz63n,KABUPATEN DELI SERDANG,SUMATERA UTARA,3.57143300,98.58225300,False,0.9,3,5
GADA-xof9ah,KABUPATEN JAYAPURA,PAPUA,-2.59677600,140.51432400,False,0.9,3,5
GADA-1cgtmx,KOTA BANDAR LAMPUNG,LAMPUNG,-5.35362400,105.29002800,False,0.9,3,5
GADA-u2vsdn,KABUPATEN CIREBON,JAWA BARAT,-6.70157500,108.53592800,False,0.9,3,5
GADA-tbor4n,KOTA JAMBI,JAMBI,-1.59717700,103.60875200,False,0.9,3,5
GADA-hufkdh,KABUPATEN SUMEDANG,JAWA BARAT,-6.81715600,107.94943900,False,0.9,3,5
GADA-nyvxveyb,KOTA BANDAR LAMPUNG,LAMPUNG,-5.37064000,105.26643000,False,0.9,3,5
GADA-1yb64kee,KABUPATEN MERAUKE,PAPUA,-8.50059000,140.39119000,False,0.9,3,5
GADA-yvgymz,KOTA BEKASI,JAWA BARAT,-6.22774700,107.02012600,False,0.9,3,5
GADA-xoqwzk,KOTA TANGERANG SELATAN,BANTEN,-6.34123600,106.70008700,False,0.9,3,5
GADA-u53uoo,KABUPATEN CIREBON,JAWA BARAT,-6.70647500,108.51517600,False,0.9,3,5
GADA-ga1yvkzn,KOTA BANJARMASIN,KALIMANTAN SELATAN,-3.32734000,114.56381000,False,0.9,3,5
GADA-nk5vzxx1,KOTA SALATIGA,JAWA TENGAH,-7.33097900,110.50198300,False,0.9,3,5
GADA-zzsbzz,KOTA JAKARTA TIMUR,DKI JAKARTA,-6.28904600,106.86519000,False,0.9,3,5
GADA-umxay8,KABUPATEN DELI SERDANG,SUMATERA UTARA,3.56975500,98.58192600,False,0.9,3,5
GADA-6zgklmel,KOTA PEKANBARU,RIAU,0.44944700,101.45805900,False,0.9,3,5
GADA-tfzbim,KABUPATEN LAMPUNG TIMUR,LAMPUNG,-5.13214600,105.43400100,False,0.9,3,5
GADA-xuh7iz,KOTA KENDARI,SULAWESI TENGGARA,-3.98501500,122.48148600,False,0.9,3,5
GADA-5mvbxq7n,KABUPATEN SUMEDANG,JAWA BARAT,-6.75485000,107.89727000,False,0.9,3,5
GADA-dfu92e,KABUPATEN BREBES,JAWA TENGAH,-7.08046300,108.88188600,False,0.9,3,5
GADA-wp9jfh,KABUPATEN MAGETAN,JAWA TIMUR,-7.69582700,111.26746600,False,0.9,3,5
GADA-5m5glgvd,KABUPATEN BANDUNG,JAWA BARAT,-6.99410000,107.73450000,False,0.9,3,5
GADA-dlip1n,KABUPATEN SUMEDANG,JAWA BARAT,-6.82448900,107.91577600,False,0.9,3,5
GADA-whdgou,KOTA BEKASI,JAWA BARAT,-6.32557900,106.92158600,False,0.9,3,5
GADA-n0pkg8,KABUPATEN SUKOHARJO,JAWA TENGAH,-7.58486100,110.81161800,False,0.9,3,5
GADA-ny97o52a,KOTA TANJUNG PINANG,KEPULAUAN RIAU,0.90677000,104.48978000,False,0.9,3,5
GADA-vqlpo3ko,KABUPATEN BANGGAI,SULAWESI TENGAH,-0.95640000,122.78683000,False,0.9,3,5
GADA-xodz02,KABUPATEN PEMALANG,JAWA TENGAH,-6.83686000,109.49735000,False,0.9,3,5
GADA-9iwrs0,KOTA MEDAN,SUMATERA UTARA,3.59903100,98.61748900,False,0.9,3,5
GADA-lrymnzjo,KOTA JAMBI,JAMBI,-1.63019000,103.54721800,False,0.9,3,5
GADA-xpogmr,KOTA BANJARMASIN,KALIMANTAN SELATAN,-3.31444900,114.61381800,False,0.9,3,5
GADA-x3e0qox1,KABUPATEN TANGERANG,BANTEN,-6.16840100,106.49120500,False,0.9,3,5
GADA-5g86t9,KABUPATEN LAMPUNG SELATAN,LAMPUNG,-5.52998000,105.45001700,False,0.9,3,5
GADA-5m5e2qdo,KABUPATEN JEMBER,JAWA TIMUR,-8.17693000,113.70963000,False,0.9,3,5
GADA-l6tazw,KOTA BENGKULU,BENGKULU,-3.78744500,102.26218000,False,0.9,3,5
GADA-9enen165,KOTA BANDUNG,JAWA BARAT,-6.91340000,107.69532000,False,0.9,3,5
GADA-1yb5jerl,KABUPATEN SUKABUMI,JAWA BARAT,-6.87803000,106.90831000,False,0.9,3,5
GADA-m6km9l,KOTA BANDAR LAMPUNG,LAMPUNG,-5.39239500,105.26937400,False,0.9,3,5
GADA-k50bk6,KOTA JAKARTA PUSAT,DKI JAKARTA,-6.16502600,106.86529000,False,0.9,3,5
GADA-xe2qpyl4,KOTA JAKARTA UTARA,DKI JAKARTA,-6.11308000,106.90147000,False,0.9,3,5
GADA-qbe01n0r,KABUPATEN SUMEDANG,JAWA BARAT,-6.80066000,107.94427000,False,0.9,3,5
GADA-tbb0ui,KOTA JAMBI,JAMBI,-1.59295100,103.60896700,False,0.9,3,5
GADA-wdojr9,KOTA BEKASI,JAWA BARAT,-6.35456200,106.92055000,False,0.9,3,5
GADA-xoqtg6,KABUPATEN JAYAPURA,PAPUA,-2.53863300,140.46679500,False,0.9,3,5
GADA-xeygpz9r,KOTA BEKASI,JAWA BARAT,-6.29115000,106.99473000,False,0.9,3,5
GADA-qb4vrx9x,KOTA MEDAN,SUMATERA UTARA,3.54156500,98.62444200,False,0.9,3,5
GADA-71b69w,KABUPATEN MAGETAN,JAWA TIMUR,-7.69822000,111.25997900,False,0.9,3,5
GADA-lzzff6,KABUPATEN KOLAKA,SULAWESI TENGGARA,-3.99220500,121.40481800,False,0.9,3,5
GADA-5xp8cu,KABUPATEN BANDUNG,JAWA BARAT,-6.90358500,107.68108700,False,0.9,3,5
GADA-l9zqqz,KOTA JAKARTA UTARA,DKI JAKARTA,-6.10429300,106.76943400,False,0.9,3,5
GADA-nt8jq2,KOTA JAKARTA TIMUR,DKI JAKARTA,-6.28972900,106.86714600,False,0.9,3,4
GADA-ln40mv,KOTA JAKARTA PUSAT,DKI JAKARTA,-6.16399400,106.87345100,False,0.9,3,4
GADA-xlogay20,KABUPATEN LUMAJANG,JAWA TIMUR,-8.23018000,113.29374000,False,0.9,3,4
GADA-u82rw1,KABUPATEN JAYAPURA,PAPUA,-2.56716500,140.49229000,False,0.9,3,4
GADA-uay6tf,KABUPATEN LAMPUNG UTARA,LAMPUNG,-4.83851100,104.89739200,False,0.9,3,4
GADA-ntb40f,KOTA JAKARTA TIMUR,DKI JAKARTA,-6.29241400,106.87521700,False,0.9,3,4
GADA-xejaoyvm,KABUPATEN BEKASI,JAWA BARAT,-6.43952000,107.15355000,False,0.9,3,4
GADA-xsq5qi,KABUPATEN LEBAK,BANTEN,-6.33223800,106.15807300,False,0.9,3,4
GADA-z51p36kk,KABUPATEN PIDIE,NANGGROE ACEH DARUSSALAM,5.36906000,95.96189000,False,0.9,3,4
GADA-ywg7sd,KOTA BANDUNG,JAWA BARAT,-6.89796300,107.68140600,False,0.9,3,4
GADA-dvzjegy1,KOTA JAKARTA TIMUR,DKI JAKARTA,-6.32599000,106.87054000,False,0.9,3,4
GADA-uclhym,KOTA JAMBI,JAMBI,-1.61170900,103.60854900,False,0.9,3,4
GADA-lqb4yp,KOTA JAKARTA PUSAT,DKI JAKARTA,-6.16665200,106.86558700,False,0.9,3,4
GADA-5r1609,KOTA MEDAN,SUMATERA UTARA,3.55897500,98.65082700,False,0.9,3,4
GADA-vsev8i,KOTA LUBUKLINGGAU,SUMATERA SELATAN,-3.29516600,102.86904300,False,0.9,3,4
GADA-l8qdb7,KABUPATEN SUMEDANG,JAWA BARAT,-6.83473000,107.92407500,False,0.9,3,4
GADA-mlkxznwd,KABUPATEN LUMAJANG,JAWA TIMUR,-8.12181000,113.23380000,False,0.9,3,4
GADA-hztd6n,KOTA MEDAN,SUMATERA UTARA,3.64735700,98.69452800,False,0.9,3,4
GADA-klrbk4ao,KABUPATEN PIDIE,NANGGROE ACEH DARUSSALAM,5.36870000,95.96217000,False,0.9,3,4
GADA-3aodud,KOTA JAKARTA TIMUR,DKI JAKARTA,-6.30356500,106.86409100,False,0.9,3,4
GADA-tfox8c,KOTA JAMBI,JAMBI,-1.60227600,103.60343500,False,0.9,3,4
GADA-lj1golrz,KOTA BENGKULU,BENGKULU,-3.82516000,102.29477000,False,0.9,3,4
GADA-9enmrenn,KABUPATEN SUMENEP,JAWA TIMUR,-7.00756000,113.86650000,False,0.9,3,4
GADA-u54fu7,KABUPATEN CIREBON,JAWA BARAT,-6.70945600,108.52898200,False,0.9,3,4
GADA-lh1gvu,KABUPATEN SUMEDANG,JAWA BARAT,-6.84654200,107.93985100,False,0.9,3,4
GADA-r1ngeorm,KABUPATEN LUMAJANG,JAWA TIMUR,-8.06597000,113.09061000,False,0.9,3,4
GADA-xsvn0m,KABUPATEN SUMEDANG,JAWA BARAT,-6.90711800,107.79702500,False,0.9,3,4
GADA-klbglvqb,KOTA BENGKULU,BENGKULU,-3.75716000,102.27968000,False,0.9,3,4
GADA-u85b8b,KOTA JAMBI,JAMBI,-1.60251400,103.60451400,False,0.9,3,4
GADA-eqvkty,KOTA LANGSA,NANGGROE ACEH DARUSSALAM,5.56692100,95.36561000,False,0.9,3,4
GADA-xt3o8v,KOTA BUKITTINGGI,SUMATERA BARAT,-0.30535000,100.37042900,False,0.9,3,4
GADA-xt6z30,KABUPATEN AGAM,SUMATERA BARAT,-0.31274100,100.36962800,False,0.9,3,4
GADA-xt8bir,KABUPATEN AGAM,SUMATERA BARAT,-0.31794600,100.38814200,False,0.9,3,4
GADA-h2xys0,KABUPATEN OGAN KOMERING ULU TIMUR,SUMATERA SELATAN,-4.17424600,104.65579700,False,0.9,3,4
GADA-9e5lr96m,KOTA PADANG,SUMATERA BARAT,-0.83027000,100.32197000,False,0.9,3,4
GADA-e2v5v4,KOTA PONTIANAK,KALIMANTAN BARAT,-0.02625100,109.29951900,False,0.9,3,4
GADA-59o2gt,KABUPATEN SIAK,RIAU,0.64744000,101.61452200,False,0.9,3,4
GADA-uvkr45,KABUPATEN TAPANULI SELATAN,SUMATERA UTARA,1.36871800,99.27883300,False,0.9,3,4
GADA-nyvagoxe,KOTA TANGERANG SELATAN,BANTEN,-6.33678000,106.67194000,False,0.9,3,4
GADA-zaym9f,KOTA JAKARTA TIMUR,DKI JAKARTA,-6.26705400,106.86550600,False,0.9,3,4
GADA-ga9mqj1x,KABUPATEN SUMEDANG,JAWA BARAT,-6.94915000,107.81245000,False,0.9,3,4
GADA-z535zm33,KOTA MEDAN,SUMATERA UTARA,3.54604000,98.66898000,False,0.9,3,4
GADA-lsb8o0,KABUPATEN JEMBER,JAWA TIMUR,-8.18053900,113.68818700,False,0.9,3,4
GADA-l7k2p3,KOTA TANJUNG PINANG,KEPULAUAN RIAU,0.90924100,104.48106900,False,0.9,3,4
GADA-59oktr,KABUPATEN SIAK,RIAU,0.64744000,101.61452200,False,0.9,3,4
GADA-e3044g,KOTA BEKASI,JAWA BARAT,-6.27038800,106.98286100,False,0.9,3,4
GADA-01ly1nwp,KOTA BANJAR BARU,KALIMANTAN SELATAN,-3.44212000,114.73239000,False,0.9,3,4
GADA-y5abrz,KABUPATEN LAMPUNG SELATAN,LAMPUNG,-5.54574600,105.40328900,False,0.9,3,4
GADA-5349wm,KABUPATEN BANDUNG,JAWA BARAT,-6.97690400,107.70925900,False,0.9,3,4
GADA-e30czf,KOTA PONTIANAK,KALIMANTAN BARAT,-0.06110200,109.31084400,False,0.9,3,4
GADA-7y51gqoo,KOTA PADANG,SUMATERA BARAT,-0.96346000,100.35434000,False,0.9,3,4
GADA-zd4eyn,KOTA TANJUNG PINANG,KEPULAUAN RIAU,0.95019000,104.51111000,False,0.9,3,4
GADA-nyvg30zx,KABUPATEN BANGGAI,SULAWESI TENGAH,-0.99024000,122.78624000,False,0.9,3,4
GADA-88oect,KOTA BANDUNG,JAWA BARAT,-6.91977500,107.68449400,False,0.9,3,4
GADA-ljwgklya,KABUPATEN LUMAJANG,JAWA TIMUR,-8.23323000,113.30420000,False,0.9,3,4
GADA-x4rmu3,KABUPATEN LAMPUNG SELATAN,LAMPUNG,-5.32746200,105.19680200,False,0.9,3,4
GADA-5mqj5wee,KABUPATEN KLATEN,JAWA TENGAH,-7.65350000,110.72151000,False,0.9,3,4
GADA-01zyxkap,KABUPATEN KUNINGAN,JAWA BARAT,-6.88098000,108.49581000,False,0.9,3,4
GADA-oq30hm,KOTA JAKARTA TIMUR,DKI JAKARTA,-6.28583900,106.87377700,False,0.9,3,4
GADA-j6o47nxy,KABUPATEN LUMAJANG,JAWA TIMUR,-8.12330000,113.36411000,False,0.9,3,4
GADA-29wfgz,KABUPATEN KUBU RAYA,KALIMANTAN BARAT,-0.07529700,109.37100600,False,0.9,3,4
GADA-59piv0,KABUPATEN SIAK,RIAU,0.64616200,101.61529900,False,0.9,3,4
GADA-5eugl2,KABUPATEN TANGERANG,BANTEN,-6.14332500,106.45482200,False,0.9,3,4
GADA-l2ph3a,KOTA JAKARTA UTARA,DKI JAKARTA,-6.18194200,106.91573500,False,0.9,3,4
GADA-aa4a7zn1,KOTA BANDUNG,JAWA BARAT,-6.90978800,107.63522100,False,0.9,3,4
GADA-52fc9g,KOTA BATAM,KEPULAUAN RIAU,1.06261900,103.94611900,False,0.9,3,4
GADA-uwbqhax0,KOTA PEKANBARU,RIAU,0.47419600,101.45551600,False,0.9,3,4
GADA-u8aijx,KABUPATEN SUMEDANG,JAWA BARAT,-6.83666600,107.92963100,False,0.9,3,4
GADA-qlxardpx,KOTA TANJUNG PINANG,KEPULAUAN RIAU,0.95059100,104.51458000,False,0.9,3,4
GADA-zh84wj,KOTA LHOKSEUMAWE,NANGGROE ACEH DARUSSALAM,4.47052800,97.97475300,False,0.9,3,4
GADA-e371an2g,KABUPATEN MERAUKE,PAPUA,-8.50554000,140.39377000,False,0.9,3,4
GADA-xy0o93,KOTA BUKITTINGGI,SUMATERA BARAT,-0.28571200,100.37224200,False,0.9,3,4
GADA-l7j1,KABUPATEN SERANG,BANTEN,-6.29776500,106.38578400,False,0.9,3,4
GADA-yv5nf7,KOTA BEKASI,JAWA BARAT,-6.22793400,107.01922600,False,0.9,3,4
GADA-h3q865,KABUPATEN BEKASI,JAWA BARAT,-6.27942600,107.04021900,False,0.9,3,4
GADA-ezjv57a1,KABUPATEN CIREBON,JAWA BARAT,-6.84292000,108.51543000,False,0.9,3,4
GADA-nrbdwqmo,KABUPATEN SUMEDANG,JAWA BARAT,-6.82470000,107.91542000,False,0.9,3,4
GADA-yv5ub3,KOTA BEKASI,JAWA BARAT,-6.22845800,107.01934800,False,0.9,3,4
GADA-xlvkrdrm,KABUPATEN KLATEN,JAWA TENGAH,-7.62870000,110.67423000,False,0.9,3,4
GADA-bweoju,KOTA MEDAN,SUMATERA UTARA,3.58989900,98.68584500,False,0.9,3,4
GADA-55cuky,KOTA BEKASI,JAWA BARAT,-6.27709500,106.96113000,False,0.9,3,4
GADA-e37dj1o7,KOTA JAKARTA SELATAN,DKI JAKARTA,-6.21125000,106.79307000,False,0.9,3,4
GADA-ljrbqree,KABUPATEN DELI SERDANG,SUMATERA UTARA,3.56696000,98.56906000,False,0.9,3,4
GADA-n6trlq,KOTA KENDARI,SULAWESI TENGGARA,-3.96452800,122.53748600,False,0.9,3,4
GADA-ljwlrxeg,KABUPATEN DELI SERDANG,SUMATERA UTARA,3.56399000,98.59825000,False,0.9,3,4
GADA-df2ru5,KOTA PONTIANAK,KALIMANTAN BARAT,-0.04431800,109.38750600,False,0.9,3,4
GADA-1ylloykl,KOTA BANDUNG,JAWA BARAT,-6.95293000,107.61182000,False,0.9,3,4
GADA-ok7olryb,KOTA BANJARMASIN,KALIMANTAN SELATAN,-3.32071000,114.58321000,False,0.9,3,4
GADA-j7zmeqln,KABUPATEN OGAN KOMERING ULU,SUMATERA SELATAN,-4.11265400,104.17300800,False,0.9,3,4
GADA-ymn55ej4,KABUPATEN KUNINGAN,JAWA BARAT,-6.94893300,108.48987500,False,0.9,3,4
GADA-5mqll6zn,KOTA BANDUNG,JAWA BARAT,-6.92364500,107.71965600,False,0.9,3,4
GADA-53jpyf,KOTA MAKASSAR,SULAWESI SELATAN,-5.14049100,119.45224000,False,0.9,2,4
GADA-wghg3z,KOTA TANJUNG PINANG,KEPULAUAN RIAU,0.91822100,104.50453100,False,0.9,3,4
GADA-j72dqayk,KOTA BENGKULU,BENGKULU,-3.78714000,102.26158000,False,0.9,3,4
GADA-ltry3g,KOTA JAKARTA PUSAT,DKI JAKARTA,-6.17155500,106.86441500,False,0.9,3,4
GADA-edd0z4,KOTA BANDAR LAMPUNG,LAMPUNG,-5.39161200,105.29022300,False,0.9,3,4
GADA-tvrtb1,KABUPATEN LAMPUNG SELATAN,LAMPUNG,-5.54645900,105.40305600,False,0.9,3,4
GADA-nydzj9nb,KABUPATEN CIREBON,JAWA BARAT,-6.70982000,108.44196000,False,0.9,3,4
GADA-zp6aks,KOTA JAKARTA TIMUR,DKI JAKARTA,-6.31274200,106.91372600,False,0.9,3,4
GADA-y5ecv0,KABUPATEN LAMPUNG SELATAN,LAMPUNG,-5.59730700,105.51409500,False,0.9,3,4
GADA-lhytrj,KOTA JAKARTA UTARA,DKI JAKARTA,-6.15453800,106.86584700,False,0.9,3,4
GADA-9ul0pj,KABUPATEN OGAN KOMERING ULU TIMUR,SUMATERA SELATAN,-4.14128700,104.63171800,False,0.9,3,4
GADA-8vkyyp,KOTA BANDUNG,JAWA BARAT,-6.91168700,107.69144500,False,0.9,3,4
GADA-klvl5agz,KABUPATEN BEKASI,JAWA BARAT,-6.36051000,107.09631000,False,0.9,3,4
GADA-mzv6xke6,KABUPATEN SUMEDANG,JAWA BARAT,-6.82385000,107.91505000,False,0.9,3,4
GADA-klvlenro,KABUPATEN KOTAWARINGIN TIMUR,KALIMANTAN TENGAH,-2.54363000,112.96289000,False,0.9,3,4
GADA-59uhaj,KABUPATEN SIAK,RIAU,0.64565900,101.61121900,False,0.9,3,4
GADA-2619by4k,KABUPATEN SIDOARJO,JAWA TIMUR,-7.43837000,112.55684000,False,0.9,3,4
GADA-5mqm3dmo,KOTA BANDUNG,JAWA BARAT,-6.92555000,107.70582000,False,0.9,3,4
GADA-3xvvaz5l,KABUPATEN PIDIE,NANGGROE ACEH DARUSSALAM,5.36745000,95.95860000,False,0.9,3,4
GADA-3xkbpwv0,KOTA PADANG,SUMATERA BARAT,-0.97491000,100.37787000,False,0.9,3,4
GADA-58f3wt,KOTA BANJAR BARU,KALIMANTAN SELATAN,-3.45286900,114.73970800,False,0.9,3,4
GADA-lrgerdxj,KABUPATEN PIDIE,NANGGROE ACEH DARUSSALAM,5.36894000,95.96099000,False,0.9,3,4
GADA-36jaho,KOTA LHOKSEUMAWE,NANGGROE ACEH DARUSSALAM,4.49710800,97.94457000,False,0.9,3,4
GADA-l9zyus,KOTA MEDAN,SUMATERA UTARA,3.54128200,98.60681100,False,0.9,3,4
GADA-wgkqv7rg,KABUPATEN SUMEDANG,JAWA BARAT,-6.82509000,107.91579000,False,0.9,3,4
GADA-nyn1dejb,KABUPATEN INDRAGIRI HULU,RIAU,-0.43047000,102.45647000,False,0.9,3,4
GADA-ls7t80,KOTA BENGKULU,BENGKULU,-3.79418000,102.27601000,False,0.9,3,4
GADA-u5osd9x1,KABUPATEN BOYOLALI,JAWA TENGAH,-7.46978000,110.77323000,False,0.9,3,4
GADA-nkfhof,KABUPATEN SUMEDANG,JAWA BARAT,-6.85866600,107.92232600,False,0.9,3,4
GADA-h33eyl,KABUPATEN BEKASI,JAWA BARAT,-6.21797200,107.08163800,False,0.9,3,4
GADA-u8fw57,KOTA JAMBI,JAMBI,-1.60259600,103.60240000,False,0.9,3,4
GADA-p7hcgn,KOTA TANGERANG SELATAN,BANTEN,-6.33217600,106.72154700,False,0.9,3,4
GADA-l8vhan,KOTA PEKANBARU,RIAU,0.42717100,101.45976200,False,0.9,3,4
GADA-o18qdz,KOTA JAKARTA TIMUR,DKI JAKARTA,-6.29087500,106.87224600,False,0.9,3,4
GADA-3xzxvgvz,KOTA DUMAI,RIAU,1.67145000,101.43486000,False,0.9,3,4
GADA-9ums35,KOTA BATAM,KEPULAUAN RIAU,1.04173600,103.96285900,False,0.9,3,4
GADA-xy8qio,KABUPATEN KEDIRI,JAWA TIMUR,-7.72118300,112.12170300,False,0.9,3,4
GADA-sem,KOTA PONTIANAK,KALIMANTAN BARAT,-0.02320300,109.32406400,False,0.9,3,4
GADA-ytofqx,KOTA MEDAN,SUMATERA UTARA,3.57609000,98.62160000,False,0.9,3,4
GADA-dfpnw7,KOTA PONTIANAK,KALIMANTAN BARAT,0.00321800,109.36422700,False,0.9,3,4
GADA-5m4fmj,KOTA BANDUNG,JAWA BARAT,-6.94644700,107.66390600,False,0.9,3,4
GADA-yhvc4h,KOTA BEKASI,JAWA BARAT,-6.21978100,107.02606700,False,0.9,3,4
GADA-5vyl9z,KOTA MEDAN,SUMATERA UTARA,3.56858000,98.62102400,False,0.9,3,4
GADA-l571ck,KABUPATEN DELI SERDANG,SUMATERA UTARA,3.59919200,98.56323000,False,0.9,3,4
GADA-8hmmsk,KOTA PONTIANAK,KALIMANTAN BARAT,-0.01502400,109.35456900,False,0.9,3,4
GADA-vqgnvjq9,KOTA TANGERANG,BANTEN,-6.23932000,106.72780000,False,0.9,3,4
GADA-plyjoa,KOTA BANDUNG,JAWA BARAT,-6.93434900,107.63463800,False,0.9,3,4
GADA-9uotrb,KOTA BATAM,KEPULAUAN RIAU,1.05385900,103.97503100,False,0.9,3,4
GADA-dtzoko,KABUPATEN BOGOR,JAWA BARAT,-6.37573300,106.67403100,False,0.9,3,4
GADA-l59buf,KOTA PALEMBANG,SUMATERA SELATAN,-3.01191500,104.75628700,False,0.9,3,4
GADA-aax4zddj,KABUPATEN PIDIE,NANGGROE ACEH DARUSSALAM,5.36906000,95.96189000,False,0.9,3,4
GADA-oy1loz0o,KABUPATEN LUMAJANG,JAWA TIMUR,-8.02857000,113.20048000,False,0.9,3,4
GADA-dyiwxb,KABUPATEN LAMPUNG SELATAN,LAMPUNG,-5.53282700,105.44108200,False,0.9,3,4
GADA-xuq4b7,KOTA SINGKAWANG,KALIMANTAN BARAT,0.90900300,108.99295300,False,0.9,3,4
GADA-yhyut7,KABUPATEN LAMPUNG SELATAN,LAMPUNG,-5.53078100,105.44927200,False,0.9,3,4
GADA-20i5uj,KOTA TANJUNG PINANG,KEPULAUAN RIAU,0.91371500,104.52901200,False,0.9,3,4
GADA-963y46,KOTA JAKARTA PUSAT,DKI JAKARTA,-6.16373000,106.86255300,False,0.9,3,4
GADA-3gxoxw,KOTA JAKARTA TIMUR,DKI JAKARTA,-6.29101000,106.87579500,False,0.9,3,4
GADA-xagwkk,KABUPATEN PIDIE,NANGGROE ACEH DARUSSALAM,5.38477600,95.96023700,False,0.9,3,4
GADA-blbmo1,KOTA JAKARTA UTARA,DKI JAKARTA,-6.13805600,106.86029000,False,0.9,3,4
GADA-pz6ni0,KOTA LHOKSEUMAWE,NANGGROE ACEH DARUSSALAM,4.50198500,97.95467500,False,0.9,3,4
GADA-gavyaa5d,KABUPATEN KUNINGAN,JAWA BARAT,-6.96498000,108.54405000,False,0.9,3,4
GADA-zxjlkwxz,KOTA BANJARMASIN,KALIMANTAN SELATAN,-3.30551000,114.58248000,False,0.9,3,4
GADA-xpqcuz,KOTA SINGKAWANG,KALIMANTAN BARAT,0.91575300,108.99793500,False,0.9,3,4
GADA-lrjez3lo,KABUPATEN BANGGAI,SULAWESI TENGAH,-0.92545000,122.84506000,False,0.9,3,4
GADA-yymk58,KOTA BEKASI,JAWA BARAT,-6.22647100,107.01903000,False,0.9,3,4
GADA-h5fufj,KABUPATEN KARAWANG,JAWA BARAT,-6.33227800,107.31247400,False,0.9,3,4
GADA-qlxznn1p,KOTA BANDUNG,JAWA BARAT,-6.89021800,107.66658500,False,0.9,3,4
GADA-lnf16z,KOTA MEDAN,SUMATERA UTARA,3.59480100,98.62354100,False,0.9,3,4
GADA-klg2n3kd,KABUPATEN CIREBON,JAWA BARAT,-6.70102000,108.48073000,False,0.9,3,4
GADA-lufba6,KABUPATEN KUBU RAYA,KALIMANTAN BARAT,-0.08221200,109.35361900,False,0.9,3,4
GADA-xo93me,KOTA BANDUNG,JAWA BARAT,-6.90082400,107.60245400,False,0.9,3,4
GADA-oy1z9eqr,KOTA DEPOK,JAWA BARAT,-6.41424000,106.81977000,False,0.9,3,4
GADA-e3addqrg,KOTA TANJUNG PINANG,KEPULAUAN RIAU,0.95441000,104.44881000,False,0.9,3,4
GADA-08o,KOTA BENGKULU,BENGKULU,-3.78256500,102.26122500,False,0.9,3,4
GADA-ymoe1gxj,KABUPATEN BOYOLALI,JAWA TENGAH,-7.50671000,110.65502000,False,0.9,3,4
GADA-e3adermn,KABUPATEN SIAK,RIAU,0.67231000,101.59737000,False,0.9,3,4
GADA-ga1wqezp,KABUPATEN KARAWANG,JAWA BARAT,-6.33732000,107.31311000,False,0.9,3,4
GADA-8hp5mq,KABUPATEN KUBU RAYA,KALIMANTAN BARAT,-0.13062000,109.40634500,False,0.9,3,4
GADA-vyqgbo4m,KABUPATEN SIDOARJO,JAWA TIMUR,-7.44698000,112.55163000,False,0.9,3,4
GADA-zxjxjg7v,KABUPATEN BANDUNG,JAWA BARAT,-6.97660000,107.75171000,False,0.9,3,4
GADA-6ze9pxk5,KABUPATEN JEMBER,JAWA TIMUR,-8.19109000,113.70598000,False,0.9,3,4
GADA-ycye9p,KOTA BANDAR LAMPUNG,LAMPUNG,-5.37169300,105.26214700,False,0.9,3,4
GADA-r1we0mlo,KABUPATEN BOYOLALI,JAWA TENGAH,-7.35949000,110.71758000,False,0.9,3,4
GADA-xprohn,KABUPATEN BANJAR,KALIMANTAN SELATAN,-3.31594400,114.63192100,False,0.9,3,4
GADA-r1n6lqjx,KOTA BALIKPAPAN,KALIMANTAN TIMUR,-1.27465000,116.84217000,False,0.9,3,4
GADA-e3vjqvxj,KOTA PALEMBANG,SUMATERA SELATAN,-2.93692000,104.78514000,False,0.9,3,4
GADA-klg4rjdd,KOTA BANJAR BARU,KALIMANTAN SELATAN,-3.45387000,114.79253000,False,0.9,3,4
GADA-yt5xyj,KOTA JAMBI,JAMBI,-1.61109100,103.60799000,False,0.9,3,4
GADA-lvec,KOTA PONTIANAK,KALIMANTAN BARAT,-0.03695900,109.34199800,False,0.9,3,4
GADA-xdv37t,KOTA JAKARTA PUSAT,DKI JAKARTA,-6.15584300,106.73243200,False,0.9,3,4
GADA-4bg21z,KOTA LHOKSEUMAWE,NANGGROE ACEH DARUSSALAM,4.50383700,97.95354100,False,0.9,3,4
GADA-vyqoj2aj,KABUPATEN CIREBON,JAWA BARAT,-6.72342300,108.50002700,False,0.9,3,4
GADA-lcfugj,KABUPATEN BANYUWANGI,JAWA TIMUR,-8.36687900,114.14179800,False,0.9,3,4
GADA-c3aymv,KOTA JAMBI,JAMBI,-1.60074800,103.63213300,False,0.9,3,4
GADA-wj3il6,KOTA BANDAR LAMPUNG,LAMPUNG,-5.37244200,105.27466000,False,0.9,3,4
GADA-26vqqmly,KABUPATEN CIREBON,JAWA BARAT,-6.71916000,108.43529000,False,0.9,3,4
GADA-xuzllg,KOTA BANDUNG,JAWA BARAT,-6.93283000,107.64478500,False,0.9,3,4
GADA-xxvid8,KABUPATEN LEBAK,BANTEN,-6.33051700,106.16985600,False,0.9,3,4
GADA-lxt6w9,KOTA JAKARTA PUSAT,DKI JAKARTA,-6.16915100,106.86647400,False,0.9,3,4
GADA-ym5tyq,KOTA BEKASI,JAWA BARAT,-6.20626500,107.01855800,False,0.9,3,4
GADA-1yby9e6x,KABUPATEN BEKASI,JAWA BARAT,-6.40418000,107.11877000,False,0.9,3,4
GADA-klgx0dza,KOTA BANDUNG,JAWA BARAT,-6.91955000,107.71991000,False,0.9,3,4
GADA-h716r2,KOTA BEKASI,JAWA BARAT,-6.29298200,107.03199900,False,0.9,3,4
GADA-4qk7jrk0,KOTA BANJAR BARU,KALIMANTAN SELATAN,-3.45843000,114.75911000,False,0.9,3,4
GADA-d0qkd2xm,KOTA MEDAN,SUMATERA UTARA,3.67953000,98.65620000,False,0.9,3,4
GADA-tfb1mo,KOTA PONTIANAK,KALIMANTAN BARAT,-0.01258000,109.31916600,False,0.9,3,4
GADA-nynorv5k,KABUPATEN GARUT,JAWA BARAT,-7.22165000,107.83691000,False,0.9,3,4
GADA-n2wlp4,KABUPATEN SUMEDANG,JAWA BARAT,-6.82527300,107.91580100,False,0.9,3,4
GADA-5mqznq7x,KABUPATEN KUNINGAN,JAWA BARAT,-6.97440000,108.53351600,False,0.9,3,4
GADA-kll14qkj,KABUPATEN SUKABUMI,JAWA BARAT,-6.89067000,106.92277000,False,0.9,3,4
GADA-gav5b0ek,KABUPATEN CIREBON,JAWA BARAT,-6.72450800,108.52192600,False,0.9,3,4
GADA-kllozkoq,KABUPATEN PANDEGLANG,BANTEN,-6.34830000,105.93613000,False,0.9,3,4
GADA-zxrejjv7,KABUPATEN ACEH TAMIANG,NANGGROE ACEH DARUSSALAM,4.35557000,98.08611000,False,0.9,3,4
GADA-57s38r,KOTA BANJAR,JAWA BARAT,-6.39267600,106.84655100,False,0.9,3,4
GADA-4ln2o1,KOTA BATAM,KEPULAUAN RIAU,1.12929900,104.09555900,False,0.9,3,4
GADA-zxrgrn71,KOTA BEKASI,JAWA BARAT,-6.21489000,106.98928000,False,0.9,3,4
GADA-8pxi53,KOTA BANDUNG,JAWA BARAT,-6.92550700,107.68518900,False,0.9,3,4
GADA-qlxeazmo,KABUPATEN KUNINGAN,JAWA BARAT,-6.90933000,108.48293000,False,0.9,3,4
GADA-d0qz9z1e,KABUPATEN LUMAJANG,JAWA TIMUR,-8.15467000,113.23418000,False,0.9,3,4
GADA-dv2swh,KOTA TANGERANG SELATAN,BANTEN,-6.31367800,106.66308500,False,0.9,3,4
GADA-ny9ndzqe,KABUPATEN BANGGAI,SULAWESI TENGAH,-0.94325000,122.79737000,False,0.9,3,4
GADA-uhulva,KOTA SURAKARTA,JAWA TENGAH,-7.56996000,110.80668000,False,0.9,3,4
GADA-mzvmwq4n,KOTA DEPOK,JAWA BARAT,-6.37850000,106.73773000,False,0.9,3,4
GADA-ce7e5z,KOTA PEKANBARU,RIAU,0.53735000,101.43486000,False,0.9,3,4
GADA-ymp2mq,KOTA BANDUNG,JAWA BARAT,-6.92808900,107.66605600,False,0.9,3,4
GADA-lngx8s,KOTA PONTIANAK,KALIMANTAN BARAT,0.00099900,109.32220500,False,0.9,3,4
GADA-ga2k9eej,KOTA TANGERANG,BANTEN,-6.23250000,106.73136000,False,0.9,3,4
GADA-xorugu,KOTA BANDUNG,JAWA BARAT,-6.93980000,107.58415600,False,0.9,3,4
GADA-2glhlq,KABUPATEN LAMPUNG TIMUR,LAMPUNG,-5.13183000,105.43478300,False,0.9,3,4
GADA-wozyn9,KOTA JAKARTA TIMUR,DKI JAKARTA,-6.28256800,106.86196000,False,0.9,3,4
GADA-bcbll0,KABUPATEN TEMANGGUNG,JAWA TENGAH,-7.32597500,110.32096900,False,0.9,3,4
GADA-545ro6,KABUPATEN OGAN KOMERING ULU,SUMATERA SELATAN,-4.11332300,104.20558900,False,0.9,3,4
GADA-d8fm7gx1,KOTA LHOKSEUMAWE,NANGGROE ACEH DARUSSALAM,5.17783900,97.14764000,False,0.9,3,4
GADA-mbnoka,KOTA PADANGSIDIMPUAN,SUMATERA UTARA,1.39004400,99.26758900,False,0.9,3,4
GADA-yyxzn8,KABUPATEN DELI SERDANG,SUMATERA UTARA,3.60786000,98.58512800,False,0.9,3,4
GADA-8c326c,KOTA PONTIANAK,KALIMANTAN BARAT,-0.03025700,109.31887000,False,0.9,3,4
GADA-dv9gl53o,KOTA BANDUNG,JAWA BARAT,-6.90638400,107.63509400,False,0.9,3,4
GADA-yoslak,KOTA JAKARTA TIMUR,DKI JAKARTA,-6.32247400,106.85862500,False,0.9,3,4
GADA-gav7jdnk,KABUPATEN SUMEDANG,JAWA BARAT,-6.80032900,107.94411000,False,0.9,3,4
GADA-lw2g1n,KOTA LHOKSEUMAWE,NANGGROE ACEH DARUSSALAM,4.47357400,97.96856700,False,0.9,3,4
GADA-29wkrm,KOTA PONTIANAK,KALIMANTAN BARAT,-0.06108100,109.37934100,False,0.9,3,4
GADA-lbwv4a,KABUPATEN TAPANULI SELATAN,SUMATERA UTARA,1.37831300,99.26715900,False,0.9,3,4
GADA-tbnb6m,KOTA JAMBI,JAMBI,-1.61891900,103.59622800,False,0.9,3,4
GADA-7f718r,KOTA BANDAR LAMPUNG,LAMPUNG,-5.43516200,105.24715200,False,0.9,3,4
GADA-okp4x60b,KABUPATEN LAMPUNG SELATAN,LAMPUNG,-5.34890000,105.27840000,False,0.9,3,4
GADA-psabw9,KOTA BUKITTINGGI,SUMATERA BARAT,-0.29729800,100.38377800,False,0.9,3,4
GADA-xx5rno,KOTA SINGKAWANG,KALIMANTAN BARAT,0.96445700,108.98510500,False,0.9,3,4
GADA-xob78f,KABUPATEN OGAN KOMERING ULU,SUMATERA SELATAN,-4.11350100,104.20608700,False,0.9,3,4
GADA-4jns0p,KABUPATEN TAPANULI SELATAN,SUMATERA UTARA,1.41145400,99.24164000,False,0.9,3,4
GADA-p8z1a8,KABUPATEN KARANGANYAR,JAWA TENGAH,-7.53107000,110.73319300,False,0.9,3,4
GADA-ax6x6kvn,KABUPATEN SUMEDANG,JAWA BARAT,-6.77823000,107.90425000,False,0.9,3,4
GADA-wtuy1l,KOTA JAKARTA TIMUR,DKI JAKARTA,-6.29527900,106.86533200,False,0.9,3,4
GADA-bajqo25a,KOTA BANDUNG,JAWA BARAT,-6.92364500,107.71965600,False,0.9,3,4
GADA-yq6de3v6,KABUPATEN KOTAWARINGIN TIMUR,KALIMANTAN TENGAH,-2.52203000,112.94887000,False,0.9,3,4
GADA-merraa,KABUPATEN MAGETAN,JAWA TIMUR,-7.70257900,111.32531100,False,0.9,3,4
GADA-qb9brp9z,KABUPATEN PIDIE,NANGGROE ACEH DARUSSALAM,5.24298000,95.98177000,False,0.9,3,4
GADA-qb9bxnmb,KOTA DUMAI,RIAU,1.68651000,101.40955000,False,0.9,3,4
GADA-hujyul,KABUPATEN MADIUN,JAWA TIMUR,-7.61393700,111.48224600,False,0.9,3,4
GADA-bcu16o,KOTA JAKARTA SELATAN,DKI JAKARTA,-6.28961100,106.83996200,False,0.9,3,4
GADA-3xzgadeg,KABUPATEN SIAK,RIAU,0.66554000,101.61333000,False,0.9,3,4
GADA-7yjx2gnj,KABUPATEN SUKABUMI,JAWA BARAT,-6.93702000,106.96814000,False,0.9,3,4
GADA-lrqwkd1g,KABUPATEN BEKASI,JAWA BARAT,-6.18932000,107.00967000,False,0.9,3,4
GADA-oyevndvn,KABUPATEN LUMAJANG,JAWA TIMUR,-8.01357000,113.22980000,False,0.9,3,4
GADA-ljelnzgq,KOTA DEPOK,JAWA BARAT,-6.42739800,106.77807800,False,0.9,3,4
GADA-mzz0yjar,KABUPATEN KUNINGAN,JAWA BARAT,-6.80682400,108.46609600,False,0.9,3,4
GADA-xqu4x5,KOTA BUKITTINGGI,SUMATERA BARAT,-0.30765600,100.37493500,False,0.9,3,4
GADA-zxuh11,KOTA JAKARTA TIMUR,DKI JAKARTA,-6.28523000,106.88135400,False,0.9,3,4
GADA-vyyx4eem,KOTA MEDAN,SUMATERA UTARA,3.68011000,98.65583000,False,0.9,3,4
GADA-qbegvod0,KOTA DEPOK,JAWA BARAT,-6.36686000,106.73246000,False,0.9,3,4
GADA-5q91br,KABUPATEN LAMPUNG SELATAN,LAMPUNG,-5.53190600,105.45359700,False,0.9,3,4
GADA-8df8rq,KOTA BANDUNG,JAWA BARAT,-6.92561800,107.67958000,False,0.9,3,4
GADA-d0q0gx7m,KABUPATEN TASIKMALAYA,JAWA BARAT,-7.35052000,108.01469000,False,0.9,3,4
GADA-01oy4x7o,KOTA DEPOK,JAWA BARAT,-6.42792000,106.76840900,False,0.9,3,4
GADA-okqye0gb,KABUPATEN SUMEDANG,JAWA BARAT,-6.82385000,107.91505000,False,0.9,3,4
GADA-qb9gplnl,KABUPATEN KUNINGAN,JAWA BARAT,-6.85878800,108.50107000,False,0.9,3,4
GADA-xkt6l1,KABUPATEN SUMEDANG,JAWA BARAT,-6.86841600,107.99848900,False,0.9,3,4
GADA-kllw29aj,KOTA PALEMBANG,SUMATERA SELATAN,-2.93147000,104.74516000,False,0.9,3,4
GADA-ezzqk1ya,KABUPATEN BEKASI,JAWA BARAT,-6.41886000,107.09588000,False,0.9,3,4
GADA-tgu0hm,KOTA BANDAR LAMPUNG,LAMPUNG,-5.35277700,105.28314100,False,0.9,3,4
GADA-8qyycz,KOTA PONTIANAK,KALIMANTAN BARAT,-0.03790000,109.29173200,False,0.9,3,4
GADA-ojqq3c,KOTA MEDAN,SUMATERA UTARA,3.60011900,98.71996100,False,0.9,3,4
GADA-df4a25,KOTA PONTIANAK,KALIMANTAN BARAT,-0.02969800,109.34421000,False,0.9,3,4
GADA-xmfefhx1,KOTA BANJAR BARU,KALIMANTAN SELATAN,-3.43304000,114.89131000,False,0.9,3,4
GADA-9ia21v,KOTA MEDAN,SUMATERA UTARA,3.57695200,98.61231200,False,0.9,3,4
GADA-21gf44,KABUPATEN BOGOR,JAWA BARAT,-6.38563000,106.67540600,False,0.9,3,4
GADA-e6klfq,KOTA TANGERANG SELATAN,BANTEN,-6.32457400,106.71066400,False,0.9,3,4
GADA-qbwr9zwq,KOTA BANDAR LAMPUNG,LAMPUNG,-5.39430000,105.24878000,False,0.9,3,4
GADA-qbejygol,KOTA BANDUNG,JAWA BARAT,-6.90189000,107.67330000,False,0.9,3,4
GADA-xleq3mga,KABUPATEN TEGAL,JAWA TENGAH,-7.20924000,109.08604000,False,0.9,3,4
GADA-yvs0qh,KOTA BEKASI,JAWA BARAT,-6.21857900,107.02156200,False,0.9,3,4
GADA-dlvz61,KOTA PONTIANAK,KALIMANTAN BARAT,-0.05405300,109.30472500,False,0.9,3,4
GADA-zxvmn96y,KABUPATEN BOYOLALI,JAWA TENGAH,-7.51195000,110.62654000,False,0.9,3,4
GADA-290wvgx1,KOTA BALIKPAPAN,KALIMANTAN TIMUR,-1.21592400,116.85477500,False,0.9,3,4
GADA-21gj2w,KOTA PONTIANAK,KALIMANTAN BARAT,-0.04313300,109.36372700,False,0.9,3,4
GADA-gavax4ln,KOTA DUMAI,RIAU,1.65706000,101.43978000,False,0.9,3,4
GADA-gvovdqk2,KABUPATEN BEKASI,JAWA BARAT,-6.44988000,107.13368000,False,0.9,3,4
GADA-um5vvi,KOTA JAKARTA BARAT,DKI JAKARTA,-6.15327900,106.77592900,False,0.9,3,4
GADA-j727zypv,KABUPATEN BOYOLALI,JAWA TENGAH,-7.55210000,110.62209000,False,0.9,3,4
GADA-583bj3,KOTA MEDAN,SUMATERA UTARA,3.77936600,98.68400000,False,0.9,3,4
GADA-211rfb,KOTA PALEMBANG,SUMATERA SELATAN,-3.05418500,104.77087200,False,0.9,3,4
GADA-j7z3x4a3,KOTA TANJUNG PINANG,KEPULAUAN RIAU,0.90606000,104.48914000,False,0.9,3,4
GADA-lfb5j8,KOTA KENDARI,SULAWESI TENGGARA,-3.96011400,122.51541900,False,0.9,3,4
GADA-um729e,KABUPATEN CIAMIS,JAWA BARAT,-7.21088700,108.46618200,False,0.9,3,4
GADA-pwen0p,KOTA BUKITTINGGI,SUMATERA BARAT,-0.30477900,100.36617700,False,0.9,3,4
GADA-z3iqsl,KOTA JAKARTA TIMUR,DKI JAKARTA,-6.32574300,106.85178700,False,0.9,3,4
GADA-l6tmg7,KABUPATEN TANGERANG,BANTEN,-6.22984000,106.51930800,False,0.9,3,4
GADA-u2h5wz,KABUPATEN SUMEDANG,JAWA BARAT,-6.83377800,107.92934000,False,0.9,3,4
GADA-e3cio1,KOTA BEKASI,JAWA BARAT,-6.33826500,106.95435900,False,0.9,3,4
GADA-qlx6bvgo,KABUPATEN CIREBON,JAWA BARAT,-6.75846000,108.48415000,False,0.9,3,4
GADA-feorhd,KOTA PALEMBANG,SUMATERA SELATAN,-3.01353600,104.74714200,False,0.9,3,4
GADA-w34z80,KOTA BANDAR LAMPUNG,LAMPUNG,-5.43176300,105.27423700,False,0.9,3,4
GADA-l6v0ar,KABUPATEN SUMEDANG,JAWA BARAT,-6.81324000,107.96707900,False,0.9,3,4
GADA-4qkm5ejn,KABUPATEN GRESIK,JAWA TIMUR,-7.15273000,112.59672000,False,0.9,3,4
GADA-z44tj2,KOTA JAKARTA TIMUR,DKI JAKARTA,-6.32725100,106.90044700,False,0.9,3,4
GADA-n3vr9i,KABUPATEN LAMPUNG TIMUR,LAMPUNG,-5.13355100,105.43501500,False,0.9,3,4
GADA-w3e9o5,KOTA BANDAR LAMPUNG,LAMPUNG,-5.40695500,105.30210400,False,0.9,3,4
GADA-qbwpn61x,KABUPATEN DELI SERDANG,SUMATERA UTARA,3.56409000,98.59884000,False,0.9,3,4
GADA-8ctrwa,KABUPATEN GROBOGAN,JAWA TENGAH,-7.21876000,110.89995000,False,0.9,3,4
GADA-dvz5qnj2,KABUPATEN KLATEN,JAWA TENGAH,-7.62968000,110.67378000,False,0.9,3,4
GADA-n0c4o9,KABUPATEN SUKOHARJO,JAWA TENGAH,-7.60832700,110.87367700,False,0.9,3,4
GADA-5q9deq,KABUPATEN LAMPUNG SELATAN,LAMPUNG,-5.53230600,105.45369200,False,0.9,3,4
GADA-4v0za2,KOTA BATAM,KEPULAUAN RIAU,1.10233800,104.07408700,False,0.9,3,4
GADA-axzjrqla,KOTA BINJAI,SUMATERA UTARA,3.60418600,98.45755400,False,0.9,3,4
GADA-25etr8,KABUPATEN ACEH UTARA,NANGGROE ACEH DARUSSALAM,5.15766100,97.13923400,False,0.9,3,4
GADA-l8ixpx,KABUPATEN LOMBOK TIMUR,NUSA TENGGARA BARAT,-8.62413300,116.45503400,False,0.9,3,4
GADA-21gpvv,KOTA PONTIANAK,KALIMANTAN BARAT,-0.07065600,109.37519000,False,0.9,3,4
GADA-xoe3e9,KABUPATEN LEBAK,BANTEN,-6.34662100,106.23760500,False,0.9,3,4
GADA-e3f7xb,KABUPATEN BANJAR,KALIMANTAN SELATAN,-3.31015900,114.63211300,False,0.9,3,4
GADA-arxiwr,KOTA BATAM,KEPULAUAN RIAU,1.05249800,103.97512600,False,0.9,3,4
GADA-u2k0rh,KABUPATEN CIREBON,JAWA BARAT,-6.71711800,108.49201200,False,0.9,3,4
GADA-2sizez,KABUPATEN PONOROGO,JAWA TIMUR,-7.86506800,111.46963200,False,0.9,3,4
GADA-zxwazywo,KOTA MATARAM,NUSA TENGGARA BARAT,-8.60436900,116.14073800,False,0.9,3,4
GADA-7y5omzla,KOTA MEDAN,SUMATERA UTARA,3.67920000,98.65571000,False,0.9,3,4
GADA-ofda8r,KOTA MEDAN,SUMATERA UTARA,3.62291500,98.70761200,False,0.9,3,4
GADA-yqenvewa,KOTA BENGKULU,BENGKULU,-3.81861000,102.30371000,False,0.9,3,4
GADA-lc0qg4,KABUPATEN KEDIRI,JAWA TIMUR,-7.73998100,111.96576200,False,0.9,3,4
GADA-ljw0gdzn,KABUPATEN CIREBON,JAWA BARAT,-6.71128000,108.48283000,False,0.9,3,4
GADA-qlxxl9b3,KABUPATEN SIDOARJO,JAWA TIMUR,-7.39162000,112.56863000,False,0.9,3,4
GADA-l71klf,KABUPATEN LAMPUNG SELATAN,LAMPUNG,-5.31119200,105.21563300,False,0.9,3,4
GADA-ga9dvpjp,KOTA PALEMBANG,SUMATERA SELATAN,-2.94825000,104.80721000,False,0.9,3,4
GADA-nrkvjvvv,KOTA DEPOK,JAWA BARAT,-6.36547000,106.90747000,False,0.9,3,4
GADA-rnr4l73d,KOTA BANDUNG,JAWA BARAT,-6.94849000,107.61254000,False,0.9,3,4
GADA-ogibcu,KOTA JAKARTA TIMUR,DKI JAKARTA,-6.20725400,106.87704600,False,0.9,3,4
GADA-3aggei,KOTA JAKARTA TIMUR,DKI JAKARTA,-6.32639000,106.89788400,False,0.9,3,4
GADA-4qkp43yr,KABUPATEN BOGOR,JAWA BARAT,-6.36397000,106.71603000,False,0.9,3,4
GADA-qbe7mdjg,KABUPATEN BANDUNG,JAWA BARAT,-6.99729000,107.74786000,False,0.9,3,4
GADA-nrkzab3y,KABUPATEN KOTAWARINGIN TIMUR,KALIMANTAN TENGAH,-2.54075000,112.96303000,False,0.9,3,4
GADA-ezzzvymv,KABUPATEN BREBES,JAWA TENGAH,-6.81623000,109.01065000,False,0.9,3,4
GADA-nt53ls,KOTA BANDAR LAMPUNG,LAMPUNG,-5.44421600,105.26912200,False,0.9,3,4
GADA-tqh9y9,KOTA JAKARTA UTARA,DKI JAKARTA,-6.13259600,106.83848700,False,0.9,3,4
GADA-okrm1don,KABUPATEN CIREBON,JAWA BARAT,-6.73870000,108.49493000,False,0.9,3,4
GADA-2hfe7x,KABUPATEN ACEH UTARA,NANGGROE ACEH DARUSSALAM,5.17197500,97.13200700,False,0.9,3,4
GADA-yqj1rkqa,KOTA BANDAR LAMPUNG,LAMPUNG,-5.39430000,105.24878000,False,0.9,3,4
GADA-mlgq55qd,KABUPATEN BEKASI,JAWA BARAT,-6.37559000,107.08387000,False,0.9,3,4
GADA-pj481x,KOTA TANGERANG SELATAN,BANTEN,-6.34690800,106.69138200,False,0.9,3,4
GADA-2prfav,KABUPATEN TANGERANG,BANTEN,-6.23605900,106.47422400,False,0.9,3,4
GADA-nm0vnd,KOTA JAKARTA TIMUR,DKI JAKARTA,-6.28584500,106.86518100,False,0.9,3,4
GADA-4i5t8n,KOTA JAKARTA TIMUR,DKI JAKARTA,-6.28980300,106.85471900,False,0.9,3,4
GADA-ymbmrogj,KOTA PEKANBARU,RIAU,0.54116000,101.45571000,False,0.9,3,4
GADA-5m2rlzde,KOTA PALEMBANG,SUMATERA SELATAN,-2.93692000,104.78514000,False,0.9,3,4
GADA-u9v5c5,KABUPATEN SUMEDANG,JAWA BARAT,-6.89441500,108.04324200,False,0.9,3,4
GADA-zxww4ykg,KABUPATEN KUNINGAN,JAWA BARAT,-6.87540500,108.49651100,False,0.9,3,4
GADA-vqvrlde4,KABUPATEN BOYOLALI,JAWA TENGAH,-7.57776000,110.67196000,False,0.9,3,4
GADA-h7zr1u,KOTA BEKASI,JAWA BARAT,-6.27892500,106.95089600,False,0.9,3,4
GADA-r1e2eejl,KABUPATEN SUMEDANG,JAWA BARAT,-6.82385000,107.91505000,False,0.9,3,4
GADA-jdr350,KABUPATEN LAMPUNG SELATAN,LAMPUNG,-5.31026000,105.20266300,False,0.9,3,4
GADA-ga9j6q2k,KABUPATEN BOYOLALI,JAWA TENGAH,-7.51195000,110.62654000,False,0.9,3,4
GADA-4q9q5aq9,KABUPATEN LUMAJANG,JAWA TIMUR,-7.98530000,113.26872000,False,0.9,3,4
GADA-e2ilv9,KOTA PONTIANAK,KALIMANTAN BARAT,-0.00989000,109.32197200,False,0.9,3,4
GADA-e3gl4aze,KOTA BANDUNG,JAWA BARAT,-6.93326000,107.64524000,False,0.9,3,4
GADA-tqkxfe,KOTA MEDAN,SUMATERA UTARA,3.59766600,98.67348900,False,0.9,3,4
GADA-xxslrl,KOTA TANGERANG,BANTEN,-6.20418800,106.65237400,False,0.9,3,4
GADA-58tq96,KABUPATEN MUARO JAMBI,JAMBI,-1.64133100,103.52917900,False,0.9,3,4
GADA-n3v195,KABUPATEN LAMPUNG TIMUR,LAMPUNG,-5.13392600,105.43328600,False,0.9,3,4
GADA-9erqovnn,KABUPATEN PIDIE,NANGGROE ACEH DARUSSALAM,5.36870000,95.96217000,False,0.9,3,4
GADA-5rmobf,KABUPATEN DELI SERDANG,SUMATERA UTARA,3.46854700,98.59622700,False,0.9,3,4
GADA-yqm3p2jz,KABUPATEN INDRAGIRI HULU,RIAU,-0.43123000,102.48262000,False,0.9,3,4
GADA-z5px6gzg,KABUPATEN KUNINGAN,JAWA BARAT,-6.92665900,108.48630200,False,0.9,3,4
GADA-vqvx2br4,KOTA LHOKSEUMAWE,NANGGROE ACEH DARUSSALAM,5.18335000,97.13563000,False,0.9,3,4
GADA-7yjqwlxj,KOTA BENGKULU,BENGKULU,-3.85095900,102.31782400,False,0.9,3,4
GADA-zxwaegz4,KABUPATEN SLEMAN,DI YOGYAKARTA,-7.75986600,110.38654100,False,0.9,2,3
GADA-lc1yge,KOTA PAREPARE,SULAWESI SELATAN,-4.02215200,119.62809900,False,0.9,2,3
GADA-klj54v42,KABUPATEN POHUWATO,GORONTALO,0.46545000,121.94687000,False,0.9,2,3
GADA-lstknjx1,KABUPATEN POLEWALI MANDAR,SULAWESI BARAT,-3.48589600,119.47990500,False,0.9,2,3
GADA-tfv8jn,KOTA MAKASSAR,SULAWESI SELATAN,-5.17490500,119.42514000,False,0.9,2,3
GADA-ycz7z1,KOTA MAKASSAR,SULAWESI SELATAN,-5.12372000,119.51657100,False,0.9,2,3
GADA-l8eo8q,KABUPATEN GOWA,SULAWESI SELATAN,-5.19704800,119.43726100,False,0.9,2,3
GADA-ezcf9n,KABUPATEN BANTUL,DI YOGYAKARTA,-7.88064200,110.37470600,False,0.9,2,3
GADA-z5pjdye3,KOTA GORONTALO,GORONTALO,0.57296300,123.07055100,False,0.9,2,3
GADA-x1wfs5,KABUPATEN POHUWATO,GORONTALO,0.47233900,121.92741300,False,0.9,2,3
GADA-lcujvv,KABUPATEN SINJAI,SULAWESI SELATAN,-3.99886100,119.81180100,False,0.9,2,3
GADA-lzo4m0,KOTA PAREPARE,SULAWESI SELATAN,-4.00792900,119.62886700,False,0.9,2,3
GADA-mzr5bmy6,KABUPATEN POHUWATO,GORONTALO,0.48361000,121.93562000,False,0.9,2,3
